{"cameraMode":{"drawMode":0,"name":"Shaded","section":"Shading Mode"},"sceneLighting":true,"audioPlay":false,"sceneViewState":{"showFog":true,"showMaterialUpdate":false,"showSkybox":true,"showFlares":true,"showImageEffects":true,"showParticleSystems":true},"in2DMode":false,"pivot":{"x":-0.4755712151527405,"y":-3.1585445404052736,"z":10.575825691223145},"rotation":{"x":-0.16278056800365449,"y":0.003563548671081662,"z":-0.0005876157083548605,"w":-0.9866557121276856},"size":22.0,"orthographic":false}