{"cameraMode":{"drawMode":0,"name":"Shaded","section":"Shading Mode"},"sceneLighting":true,"audioPlay":false,"sceneViewState":{"showFog":true,"showMaterialUpdate":false,"showSkybox":true,"showFlares":true,"showImageEffects":true,"showParticleSystems":true},"in2DMode":false,"pivot":{"x":-0.040172092616558078,"y":0.10516031831502915,"z":0.1729290783405304},"rotation":{"x":-0.09131618589162827,"y":-0.03405497223138809,"z":-0.003124658716842532,"w":0.9952346086502075},"size":0.326418936252594,"orthographic":false}