{"cameraMode":{"drawMode":0,"name":"Shaded","section":"Shading Mode"},"sceneLighting":true,"audioPlay":false,"sceneViewState":{"showFog":true,"showMaterialUpdate":false,"showSkybox":true,"showFlares":true,"showImageEffects":true,"showParticleSystems":true},"in2DMode":false,"pivot":{"x":-10.304143905639649,"y":9.989853858947754,"z":-11.377007484436036},"rotation":{"x":-0.2635613977909088,"y":-0.6264625191688538,"z":0.23795700073242188,"w":-0.6938707232475281},"size":22.0,"orthographic":false}