{"cameraMode":{"drawMode":0,"name":"Shaded","section":"Shading Mode"},"sceneLighting":true,"audioPlay":false,"sceneViewState":{"showFog":true,"showMaterialUpdate":false,"showSkybox":true,"showFlares":true,"showImageEffects":true,"showParticleSystems":true},"in2DMode":false,"pivot":{"x":1.0419740676879883,"y":1.5323388576507569,"z":-1.8931161165237427},"rotation":{"x":-0.23331572115421296,"y":-0.01253232266753912,"z":0.0030071756336838009,"w":-0.9723156690597534},"size":3.045234203338623,"orthographic":false}