{"cameraMode":{"drawMode":0,"name":"Shaded","section":"Shading Mode"},"sceneLighting":true,"audioPlay":false,"sceneViewState":{"showFog":true,"showMaterialUpdate":false,"showSkybox":true,"showFlares":true,"showImageEffects":true,"showParticleSystems":true},"in2DMode":false,"pivot":{"x":3.666518211364746,"y":0.9828414916992188,"z":-7.360086441040039},"rotation":{"x":-0.2065151333808899,"y":-0.7890797853469849,"z":0.35951119661331179,"w":-0.45327284932136538},"size":22.0,"orthographic":false}