{"cameraMode":{"drawMode":0,"name":"Shaded","section":"Shading Mode"},"sceneLighting":true,"audioPlay":false,"sceneViewState":{"showFog":true,"showMaterialUpdate":false,"showSkybox":true,"showFlares":true,"showImageEffects":true,"showParticleSystems":true},"in2DMode":false,"pivot":{"x":-0.09233454614877701,"y":-0.12271584570407868,"z":0.7600488662719727},"rotation":{"x":-0.1345929205417633,"y":-0.002366655273362994,"z":0.0003214352473150939,"w":-0.9908981323242188},"size":22.0,"orthographic":false}