{"cameraMode":{"drawMode":0,"name":"Shaded","section":"Shading Mode"},"sceneLighting":true,"audioPlay":false,"sceneViewState":{"showFog":true,"showMaterialUpdate":false,"showSkybox":true,"showFlares":true,"showImageEffects":true,"showParticleSystems":true},"in2DMode":false,"pivot":{"x":-0.08032417297363281,"y":0.1033029556274414,"z":-0.5167574882507324},"rotation":{"x":-0.1593380570411682,"y":-0.8383238911628723,"z":0.3329024612903595,"w":-0.401248574256897},"size":22.0,"orthographic":false}