{"cameraMode":{"drawMode":0,"name":"Shaded","section":"Shading Mode"},"sceneLighting":true,"audioPlay":false,"sceneViewState":{"showFog":true,"showMaterialUpdate":false,"showSkybox":true,"showFlares":true,"showImageEffects":true,"showParticleSystems":true},"in2DMode":false,"pivot":{"x":0.9446315765380859,"y":2.7996246814727785,"z":4.181745529174805},"rotation":{"x":0.08227559179067612,"y":-0.89171302318573,"z":0.18030525743961335,"w":0.40690118074417117},"size":2.8578836917877199,"orthographic":false}