{"cameraMode":{"drawMode":0,"name":"Shaded","section":"Shading Mode"},"sceneLighting":true,"audioPlay":false,"sceneViewState":{"showFog":true,"showMaterialUpdate":false,"showSkybox":true,"showFlares":true,"showImageEffects":true,"showParticleSystems":true},"in2DMode":false,"pivot":{"x":2.2890334129333498,"y":7.569584846496582,"z":-2.5069503784179689},"rotation":{"x":-0.25463172793388369,"y":-0.06173184514045715,"z":0.016290204599499704,"w":-0.9649283289909363},"size":22.0,"orthographic":false}