{"cameraMode":{"drawMode":0,"name":"Shaded","section":"Shading Mode"},"sceneLighting":true,"audioPlay":false,"sceneViewState":{"showFog":true,"showMaterialUpdate":false,"showSkybox":true,"showFlares":true,"showImageEffects":true,"showParticleSystems":true},"in2DMode":false,"pivot":{"x":-17.47734260559082,"y":10.521251678466797,"z":-11.986322402954102},"rotation":{"x":-0.3181499242782593,"y":-0.3475249409675598,"z":0.12666335701942445,"w":-0.8729051947593689},"size":2.8578836917877199,"orthographic":false}