{"cameraMode":{"drawMode":0,"name":"Shaded","section":"Shading Mode"},"sceneLighting":true,"audioPlay":false,"sceneViewState":{"showFog":true,"showMaterialUpdate":false,"showSkybox":true,"showFlares":true,"showImageEffects":true,"showParticleSystems":true},"in2DMode":false,"pivot":{"x":-4.271759510040283,"y":10.355512619018555,"z":15.415679931640625},"rotation":{"x":0.005320621654391289,"y":-0.9689309597015381,"z":0.24638737738132478,"w":0.020924463868141176},"size":2.8578836917877199,"orthographic":false}